{
  "n_samples": 120,
  "faithfulness_mean_drop": 0.7885886523921869,
  "faithfulness_std": 0.37598267725848933,
  "stability_mean_cosine": 0.8721225827932357,
  "stability_std": 0.09355346547952319,
  "sensitivity_mean_top_minus_random": 0.03659261268176572,
  "sensitivity_std": 0.15089513279007807
}