{
  "test_accuracy": 0.9750617283950618,
  "test_macro_f1": 0.9738758522745673
}