{
  "test_accuracy": 0.9474074074074074,
  "test_macro_f1": 0.945678344150549
}
