{
  "train_loss": [
    0.19702720588004147,
    0.07304125173451015,
    0.05865132307958981,
    0.05581724333453667,
    0.03344771975641528,
    0.03756353672569194,
    0.029513000172794495,
    0.027742983679331486,
    0.023312533431681534,
    0.021578727990842213,
    0.01709811688859075,
    0.018085915233062768,
    0.01604733994996875,
    0.006745882130760167,
    0.007404665248813453,
    0.006087417231907171,
    0.0049787424713442175,
    0.004046500703075374,
    0.0023836183937256616,
    0.001587328895103869
  ],
  "train_acc": [
    0.9361904761904762,
    0.9754497354497355,
    0.9803174603174604,
    0.98,
    0.9895238095238095,
    0.9875132275132276,
    0.9905291005291005,
    0.9914285714285714,
    0.9917989417989418,
    0.9933862433862434,
    0.9940740740740741,
    0.9938624338624339,
    0.994973544973545,
    0.997989417989418,
    0.9976719576719577,
    0.9982010582010582,
    0.9986772486772487,
    0.9986772486772487,
    0.9992592592592593,
    0.9995767195767196
  ],
  "train_f1": [
    0.9347545903320811,
    0.9746270037865858,
    0.9797573551613661,
    0.9795215096029312,
    0.9892276359237799,
    0.9871933715393784,
    0.9903070801728904,
    0.9911795569740083,
    0.9915120244300324,
    0.9930654181404733,
    0.9938882688412305,
    0.9937492617125658,
    0.9948448085223408,
    0.9980044932452075,
    0.9976360232525563,
    0.9981043000095754,
    0.9986427790952155,
    0.9986499728270422,
    0.9992381441943674,
    0.9995737573796442
  ],
  "val_loss": [
    0.09345622037295942,
    0.10973195064582943,
    0.05995182043378368,
    0.06973928928651192,
    0.06269831355937101,
    0.049076311188393534,
    0.07048332411433673,
    0.06194150229755007,
    0.05629048975311036,
    0.06009870955076667,
    0.054068115708866604,
    0.07519806026584572,
    0.052956515721988257,
    0.055847746924307475,
    0.049836875987109834,
    0.05792288320144799,
    0.046439484608026195,
    0.05597963771920789,
    0.046441933743793656,
    0.0477677609293828
  ],
  "val_acc": [
    0.9735802469135802,
    0.9654320987654321,
    0.98,
    0.9777777777777777,
    0.9822222222222222,
    0.9834567901234568,
    0.9792592592592593,
    0.9804938271604938,
    0.9822222222222222,
    0.9827160493827161,
    0.9839506172839506,
    0.9787654320987654,
    0.9841975308641975,
    0.9846913580246913,
    0.9864197530864197,
    0.9859259259259259,
    0.9888888888888889,
    0.9874074074074074,
    0.9874074074074074,
    0.9883950617283951
  ],
  "val_f1": [
    0.9726511787897125,
    0.9637469020808875,
    0.9788659628649368,
    0.9769732476043795,
    0.9817870131862936,
    0.9828869123187536,
    0.9784239848159293,
    0.9795248140831287,
    0.9814815293015402,
    0.9822262427032638,
    0.9832613092203676,
    0.9781575350659242,
    0.9835574232677224,
    0.9839713215429018,
    0.9857448493529823,
    0.9852609366427263,
    0.9882760911325015,
    0.9866969987055955,
    0.9868397458608902,
    0.9877390775211987
  ]
}