{
  "train_loss": [
    0.21033879597351035,
    0.07778038423055063,
    0.05816411132534976,
    0.052323484639760366,
    0.04683610196703326,
    0.03269358669880718,
    0.029886390092393394,
    0.02831172519592598,
    0.01998242105372132,
    0.021657031530356675,
    0.018851338254002037,
    0.017145774046420464,
    0.011865934884895093,
    0.01047524489686583,
    0.00981299997056051,
    0.007526670728327223,
    0.004300902322336302,
    0.0021068396758307855,
    0.001668002180586983,
    0.001042531448239017
  ],
  "train_acc": [
    0.9301058201058201,
    0.974021164021164,
    0.9807936507936508,
    0.9830687830687831,
    0.9858201058201058,
    0.9901587301587301,
    0.9900529100529101,
    0.9907407407407407,
    0.9935978835978836,
    0.993015873015873,
    0.9937037037037038,
    0.9943386243386243,
    0.996031746031746,
    0.9967724867724868,
    0.9962962962962963,
    0.996984126984127,
    0.9988888888888889,
    0.9996296296296296,
    0.9996825396825397,
    0.9997354497354497
  ],
  "train_f1": [
    0.9282611623202236,
    0.9733234646647487,
    0.9803605642406923,
    0.9826285868341497,
    0.985367400305208,
    0.9899613902922619,
    0.9897625198600413,
    0.9904231617423127,
    0.993448154395811,
    0.9927964315568909,
    0.9936170731560683,
    0.9940931364241241,
    0.9959360473201485,
    0.9966778949406038,
    0.9962116950592679,
    0.996892325116162,
    0.9988927860018659,
    0.9996261986639847,
    0.9996714310480836,
    0.9997381076913416
  ],
  "val_loss": [
    0.12266603117095835,
    0.09860586714401934,
    0.09477238611962048,
    0.09634355828740898,
    0.06806931611564425,
    0.05715770675628273,
    0.06944656294759041,
    0.0905122731533189,
    0.06613080910438626,
    0.08524436487919755,
    0.08044178574104552,
    0.07960893398955649,
    0.07252804369056298,
    0.0724269218552415,
    0.061465442924656805,
    0.07746710798559411,
    0.05478792281508055,
    0.051095539421068766,
    0.049541703558614605,
    0.05635094560153874
  ],
  "val_acc": [
    0.9582716049382716,
    0.9703703703703703,
    0.9711111111111111,
    0.9708641975308642,
    0.9790123456790123,
    0.9822222222222222,
    0.9780246913580247,
    0.974320987654321,
    0.9814814814814815,
    0.9767901234567902,
    0.9785185185185186,
    0.9758024691358025,
    0.9819753086419754,
    0.9812345679012345,
    0.9829629629629629,
    0.9790123456790123,
    0.9864197530864197,
    0.9876543209876543,
    0.9871604938271605,
    0.9854320987654321
  ],
  "val_f1": [
    0.9572356730932207,
    0.9690103579008816,
    0.970036533223749,
    0.9696487455863994,
    0.9779867619221566,
    0.9815103996721325,
    0.97769960343346,
    0.973430502961223,
    0.9809324375276253,
    0.9758386383960531,
    0.977870848463869,
    0.9742338857682569,
    0.9808658204706127,
    0.9805408728244652,
    0.9822665060969549,
    0.9780368180137344,
    0.9857478860396333,
    0.987203954190603,
    0.9866219880517383,
    0.9849314539448584
  ]
}