{
  "accuracy": 0.9893827160493828,
  "macro_f1": 0.9890562575280853,
  "n_samples": 4050
}