{
  "accuracy": 0.9861728395061728,
  "macro_f1": 0.98562078172016,
  "n_samples": 4050
}